{"goals": [
   {
      "gender": "Male",
      "fatPerPound": 0.35,
      "bmr": 1952.4,
      "weight": 192,
      "calorieGoal": 2433.36,
      "calorieDeficit": 300,
      "carbohydratesGoal": 303.54,
      "fatsGoal": 67.2,
      "tee": 2733.36,
      "name": "Standard Goal",
      "proteinPerPound": 0.8,
      "pal": 1.4,
      "id": "single-goal-no-id-provided-unique",
      "exerciseCalories": 0,
      "age": 28,
      "height": 1.87,
      "proteinGoal": 153.6
   },
   {
      "gender": "Male",
      "fatPerPound": 0.35,
      "bmr": 1952.4021845760003,
      "weight": 192,
      "calorieGoal": 1833.3630584064003,
      "calorieDeficit": 900,
      "carbohydratesGoal": 153.54076460160007,
      "fatsGoal": 67.19999999999999,
      "tee": 2733.3630584064003,
      "name": "Low Cal",
      "proteinPerPound": 0.8,
      "pal": 1.4,
      "id": "369b6651-633a-420b-b560-b1c1d3dfe1cb",
      "exerciseCalories": 0,
      "age": 29,
      "height": 1.87,
      "proteinGoal": 153.60000000000002
   },
   {
      "gender": "Male",
      "fatPerPound": 0.5,
      "bmr": 1952.4021845760003,
      "weight": 192,
      "calorieGoal": 2433.3630584064003,
      "calorieDeficit": 300,
      "carbohydratesGoal": 238.74076460160006,
      "fatsGoal": 96,
      "tee": 2733.3630584064003,
      "name": "Higher Fat",
      "proteinPerPound": 0.8,
      "pal": 1.4,
      "id": "b121850e-5e23-46e6-a40a-9f7918c2b58d",
      "exerciseCalories": 0,
      "age": 29,
      "height": 1.87,
      "proteinGoal": 153.60000000000002
   }
]}